[
  {
    "name": "theme_info",
    "logo": "https:\/\/cdn.shopify.com\/s\/files\/1\/2554\/9162\/files\/logo.png",
    "settings": [
      {
        "type": "header",
        "content": "Doris - Responsive Shopify theme"
      },
      {
        "type": "paragraph",
        "content": "This theme is officially supported by www.designshopify.com , if you have any questions please [open conversation here](https:\/\/shopifysupport.kayako.com\/conversation\/new)."
      }
    ]
  },
  {
    "name": "Colors Setting",
    "settings": [
      {
        "type": "header",
        "content": "Global Colors"
      },
      {
        "type": "color",
        "id": "color_primary",
        "label": "Primary Color",
        "default": "#a1ce94"
      },
      {
        "type": "color",
        "id": "color_primary_hover",
        "label": "Primary Color on Hover",
        "default": "#a1ce94"
      },
      {
        "type": "color",
        "id": "color_primary_custom",
        "label": "Welcome Background Color",
        "default": "#abfd00"
      },
      {
        "type": "color",
        "id": "color_secondary",
        "label": "Secondary Color",
        "default": "#767676"
      },
      {
        "type": "color",
        "id": "color_secondary_hover",
        "label": "Secondary Color on Hover",
        "default": "#767676"
      },
      {
        "type": "color",
        "id": "color_success",
        "label": "Success Color",
        "default": "#3adb76"
      },
      {
        "type": "color",
        "id": "color_success_hover",
        "label": "Success Color on Hover",
        "default": "#3adb76"
      },
      {
        "type": "color",
        "id": "color_warning",
        "label": "Warning Color",
        "default": "#ffae00"
      },
      {
        "type": "color",
        "id": "color_warning_hover",
        "label": "Warning Color on Hover",
        "default": "#ffae00"
      },
      {
        "type": "color",
        "id": "color_alert",
        "label": "Alert Color",
        "default": "#cc4b37"
      },
      {
        "type": "color",
        "id": "color_alert_hover",
        "label": "Alert Color on Hover",
        "default": "#cc4b37"
      },
      {
        "type": "color",
        "id": "color_light_gray",
        "label": "Light Gray",
        "default": "#e6e6e6"
      },
      {
        "type": "color",
        "id": "color_medium_gray",
        "label": "Medium Gray",
        "default": "#a9a9aa"
      },
      {
        "type": "color",
        "id": "color_dark_gray",
        "label": "Dark Gray",
        "default": "#7f7f7f"
      },
      {
        "type": "header",
        "content": "Mobile Page Colors"
      },
      {
        "type": "color",
        "id": "color_page_bg",
        "label": "Page Background",
        "default": "#f1f2f4"
      },
      {
        "type": "color",
        "id": "color_page_link",
        "label": "Link Color",
        "default": "#333333"
      },
      {
        "type": "color",
        "id": "color_page_link_hover",
        "label": "Link Hover Color",
        "default": "#a1ce94"
      },
      {
        "type": "color",
        "id": "color_page_heading",
        "label": "Heading Title Color",
        "default": "#333333"
      },
      {
        "type": "color",
        "id": "color_page_paragraph",
        "label": "Paragraph Color",
        "default": "#333333"
      },
      {
        "type": "color",
        "id": "color_page_icon",
        "label": "Icon Color",
        "default": "#333333"
      },
      {
        "type": "color",
        "id": "color_page_border",
        "label": "Border Color",
        "default": "#dcdcdc"
      },
      {
        "type": "header",
        "content": "Desktop Page Colors"
      },
      {
        "type": "color",
        "id": "color_desktop_page_bg",
        "label": "Page Background",
        "default": "#ffffff"
      },
      {
        "type": "color",
        "id": "color_desktop_page_link",
        "label": "Link Color",
        "default": "#333333"
      },
      {
        "type": "color",
        "id": "color_desktop_page_link_hover",
        "label": "Link Hover Color",
        "default": "#a1ce94"
      },
      {
        "type": "color",
        "id": "color_desktop_page_heading",
        "label": "Heading Title Color",
        "default": "#333333"
      },
      {
        "type": "color",
        "id": "color_desktop_page_paragraph",
        "label": "Paragraph Color",
        "default": "#333333"
      },
      {
        "type": "color",
        "id": "color_desktop_page_icon",
        "label": "Icon Color",
        "default": "#333333"
      },
      {
        "type": "header",
        "content": "Mobile Header"
      },
      {
        "type": "color",
        "id": "color_header_bg",
        "label": "Header Background",
        "default": "#ffffff"
      },
      {
        "type": "color",
        "id": "color_header_color",
        "label": "Header Text Color",
        "default": "#333333"
      },
      {
        "type": "header",
        "content": "Desktop Header"
      },
      {
        "type": "color",
        "id": "color_header_desktop_bg",
        "label": "Desktop Header Background",
        "default": "#ffffff"
      },
      {
        "type": "color",
        "id": "color_header_desktop_color",
        "label": "Desktop Header Text Color",
        "default": "#000000"
      },
      {
        "type": "color",
        "id": "color_header_desktop_border",
        "label": "Desktop Header Border Color",
        "default": "#e5e5e5"
      },
      {
        "type": "color",
        "id": "color_top_nav_desktop_color",
        "label": "Top Navigation Text Color",
        "default": "#333333"
      },
      {
        "type": "color",
        "id": "color_top_nav_desktop_bg",
        "label": "Top Navigation Background",
        "default": "#ffffff"
      },
      {
        "type": "color",
        "id": "color_top_nav_desktop_border",
        "label": "Top Navigation Border Color",
        "default": "#e7e7e8"
      },
      {
        "type": "header",
        "content": "Desktop Breadcrumb"
      },
      {
        "type": "color",
        "id": "color_breadcrumb_desktop_bg",
        "label": "Breadcrumb Background",
        "default": "#eaeaea"
      },
      {
        "type": "color",
        "id": "color_breadcrumb_desktop_color",
        "label": "Breadcrumb Color",
        "default": "#333333"
      },
      {
        "type": "color",
        "id": "color_breadcrumb_desktop_hover_color",
        "label": "Breadcrumb Hover Color",
        "default": "#a1ce94"
      },
      {
        "type": "header",
        "content": "Mobile Footer"
      },
      {
        "type": "color",
        "id": "color_footer_bg",
        "label": "Footer Background",
        "default": "#f5f7fa"
      },
      {
        "type": "color",
        "id": "color_footer_color",
        "label": "Footer Text Color",
        "default": "#333333"
      },
      {
        "type": "header",
        "content": "Desktop Footer"
      },
      {
        "type": "color",
        "id": "color_footer_desktop_bg",
        "label": "Desktop Footer Background",
        "default": "#f5f7fa"
      },
      {
        "type": "color",
        "id": "color_footer_desktop_color",
        "label": "Desktop Footer Text Color",
        "default": "#333333"
      },
      {
        "type": "color",
        "id": "color_footer_desktop_title_color",
        "label": "Desktop Footer Title Color",
        "default": "#333333"
      }
    ]
  },
  {
    "name": "Typography",
    "settings": [
      {
        "type": "header",
        "content": "Mobile Fonts"
      },
      {
        "type": "html",
        "id": "font_embed",
        "label": "Fonts embed code",
        "info": "If you want to use a external fonts (Ex: Google fonts), you need to declare the CSS font face URL. [Where do I get my Font?](https:\/\/fonts.google.com)"
      },
      {
        "type": "text",
        "id": "font_paragraph",
        "label": "Paragraph font",
        "default": "'Poppins', sans-serif",
        "info": "Please enter the correct font name"
      },
      {
        "type": "text",
        "id": "font_title",
        "label": "Title font",
        "default": "'Poppins', sans-serif",
        "info": "Please enter the correct font name( Google font )"
      },
      {
        "type": "header",
        "content": "Desktop Fonts"
      },
      {
        "type": "html",
        "id": "font_desktop_embed",
        "label": "Desktop fonts embed code",
        "info": "If you want to use a external fonts (Ex: Google fonts), you need to declare the CSS font face URL. [Where do I get my Font?](https:\/\/fonts.google.com)"
      },
      {
        "type": "text",
        "id": "font_desktop_paragraph",
        "label": "Paragraph font",
        "default": "'Poppins', sans-serif",
        "info": "Please enter the correct font name( Google font )"
      },
      {
        "type": "text",
        "id": "font_desktop_title",
        "label": "Title font",
        "default": "'Poppins', sans-serif",
        "info": "Please enter the correct font name( Google font )"
      }
    ]
  },
  {
    "name": "General Settings",
    "settings": [
      {
        "type": "select",
        "id": "general_page_direction",
        "label": "Page Direction",
        "default": "ltr",
        "options": [
          {
            "value": "ltr",
            "label": "Left to Right"
          },
          {
            "value": "rtl",
            "label": "Right to Left"
          }
        ]
      },
      {
        "type": "image_picker",
        "id": "share_image",
        "label": "Default sharing image"
      },
      {
        "type": "checkbox",
        "id": "general_button_to_top",
        "label": "Active Button to Top",
        "default": true
      },
      {
        "type": "checkbox",
        "id": "general_search_article",
        "label": "Search articles",
        "default": false
      },
      {
        "type": "header",
        "content": "Notification"
      },
      {
        "type": "select",
        "id": "general_ajax_cart_notification",
        "label": "Cart Notification",
        "info": "Notify when add a product to cart",
        "default": "cart",
        "options": [
          {
            "value": "",
            "label": "None"
          },
          {
            "value": "notification",
            "label": "Open notification pop-up"
          },
          {
            "value": "cart",
            "label": "Open mini cart"
          }
        ]
      },
      {
        "type": "checkbox",
        "id": "general_compare_notification",
        "label": "Compare Notification",
        "info": "Notify when add a product to compare",
        "default": true
      },
      {
        "type": "checkbox",
        "id": "general_wishlist_notification",
        "label": "Wish list Notification",
        "info": "Notify when add a product to wist list",
        "default": true
      },
      {
        "type": "header",
        "content": "Dimension"
      },
      {
        "type": "number",
        "id": "dimension_mobile_height",
        "label": "Mobile Logo Maximum Height (px)",
        "default": 25
      },
      {
        "type": "header",
        "content": "Mailing List Widget (Mailchimp) Popup"
      },
      {
        "type": "checkbox",
        "id": "mailing_list_active",
        "label": "Active Popup?"
      },
      {
        "type": "text",
        "id": "news_title",
        "label": "Heading text"
      },
      {
        "type": "textarea",
        "id": "news_sub",
        "label": "Subtext"
      },
      {
        "type": "text",
        "id": "news_input_title",
        "label": "Heading Email"
      },
      {
        "type": "text",
        "id": "news_input",
        "label": "Placeholder text"
      },
      {
        "type": "text",
        "id": "news_actiontext",
        "label": "Action text"
      },
      {
        "type": "textarea",
        "id": "mailchimp_form_action",
        "label": "Mailchimp form action [( ? )](https:\/\/shopifysupport.kayako.com\/article\/26-mailchimp-action-form)"
      },
      {
        "type": "text",
        "id": "news_prevent",
        "label": "Text Prevent Popup"
      },
      {
        "type": "text",
        "id": "news_time",
        "label": "Timeout (seconds)",
        "default": "10"
      },
      {
        "type": "image_picker",
        "id": "mailing_bg",
        "label": "Upload a image for Banner"
      }
    ]
  },
  {
    "name": "Favicon and Menu Labels",
    "settings": [
      {
        "type": "header",
        "content": "Favicon"
      },
      {
        "type": "image_picker",
        "id": "favicon",
        "label": "Favicon image",
        "info": "Will be scaled down to 32 x 32px"
      },
      {
        "type": "header",
        "content": "Menu Labels"
      },
      {
        "type": "text",
        "id": "new_label",
        "label": "New Label - Menu",
        "info": "Input the name of existed menu want have New label"
      },
      {
        "type": "text",
        "id": "new_labeltext",
        "label": "New Label - Text",
        "default": "New"
      },
      {
        "type": "color",
        "id": "new_labelbkg",
        "label": "New Label - Background Color"
      },
      {
        "type": "text",
        "id": "sale_label",
        "label": "Sale Label - Menu",
        "info": "Input the name of existed menu want have Sale label"
      },
      {
        "type": "text",
        "id": "sale_labeltext",
        "label": "Sale Label - Text",
        "default": "Sale"
      },
      {
        "type": "color",
        "id": "sale_labelbkg",
        "label": "Sale Label - Background Color"
      },
      {
        "type": "text",
        "id": "hot_label",
        "label": "Hot Label - Menu",
        "info": "Input the name of existed menu want have Hot label"
      },
      {
        "type": "text",
        "id": "hot_labeltext",
        "label": "Hot Label - Text",
        "default": "Hot"
      },
      {
        "type": "color",
        "id": "hot_labelbkg",
        "label": "Hot Label - Background Color"
      }
    ]
  },
  {
    "name": "Currency",
    "settings": [
      {
        "type": "header",
        "content": "Currency"
      },
      {
        "type": "paragraph",
        "content": "Although you will be able to display prices on your store front in different currencies, Shopify will still process orders in your shop's currency."
      },
      {
        "type": "select",
        "id": "currency_format",
        "label": "Money format",
        "options": [
          {
            "value": "money_format",
            "label": "Without Currency, ex: $10.00"
          },
          {
            "value": "money_with_currency_format",
            "label": "With Currency, ex: $10 CAD"
          }
        ],
        "default": "money_with_currency_format"
      },
      {
        "type": "text",
        "id": "supported_currencies",
        "label": "Currency you wish to support",
        "default": "INR GBP CAD USD AUD EUR JPY"
      },
      {
        "type": "text",
        "id": "default_currency",
        "label": "Default currency",
        "default": "USD"
      },
      {
        "type": "paragraph",
        "content": "Separate your currency codes with a space. Use the ISO 4217 3-letter currency code. [Click here](http:\/\/www.xe.com\/iso4217.php) for a complete list of currency codes. Example: CAD USD."
      },
      {
        "type": "paragraph",
        "content": "* For this functionality to work in your shop, you are required to edit your money formats as per [these instructions](https:\/\/docs.shopify.com\/support\/settings\/general\/tell-my-script-where-to-find-money-formats)."
      }
    ]
  },
  {
    "name": "Product Options - Filters",
    "settings": [
      {
        "type": "header",
        "content": "Product Detail Options"
      },
      {
        "type": "select",
        "id": "layout",
        "label": "Product Layout",
        "options": [
          {
            "value": "1",
            "label": "Default"
          },
          {
            "value": "2",
            "label": "with Full Width"
          },
          {
            "value": "3",
            "label": "with Slidebar"
          },
          {
            "value": "4",
            "label": "Images Gallery"
          },
          {
            "value": "5",
            "label": "Images Slider"
          },
          {
            "value": "6",
            "label": "List Images"
          },
          {
            "value": "7",
            "label": "Middle Images"
          },
          {
            "value": "8",
            "label": "Group Items"
          },
          {
            "value": "9",
            "label": "Right Thumbs and Bundle"
          }
        ],
        "default": "1"
      },
      {
        "type": "textarea",
        "id": "product_option",
        "label": "Options Mapping",
        "info": "Available type: image, color, size, dropdown, radio",
        "default": "Image:image | Color:color | Size:size | Dropdown:dropdown | Material:radio"
      },
      {
        "type": "header",
        "content": "Product Filter Options"
      },
      {
        "type": "textarea",
        "id": "product_color_mapping",
        "label": "Colors Mapping",
        "info": "Your color name 1:Color code 1 | Your color name 2:Color code 2 | ... | Your color name n:Color code n",
        "default": "Red:#f44336 | Pink:#e91e63 | Purple:#9c27b0 | Deep purple:#673ab7 | Indigo:#3f51b5 | Blue:#2196f3 | Light blue:#03a9f4 | Cyan:#00bcd4 | Teal:#009688 | Green:#4caf50 | Light green:#8bc34a | Lime:#cddc39 | Yellow:#ffeb3b | Amber:#ffc107 | Orange:#ff9800 | Deep orange:#ff5722 | Brown:#795548 | Gray:#9e9e9e | Blue gray:#607d8b | Black:#000000 | White:#ffffff"
      }
    ]
  },
  {
    "name": "Product Item",
    "settings": [
      {
        "type": "checkbox",
        "id": "product_item_retina",
        "label": "Enable retina image",
        "default": false
      },
      {
        "type": "checkbox",
        "id": "product_item_description",
        "label": "Show description",
        "default": true
      },
      {
        "type": "number",
        "id": "product_item_description_strcut",
        "label": "Maximum character length of description",
        "default": 256
      },
      {
        "type": "checkbox",
        "id": "product_item_quick_view",
        "label": "Show quick view button",
        "default": true
      },
      {
        "type": "checkbox",
        "id": "product_item_compare",
        "label": "Show compare button",
        "default": true
      },
      {
        "type": "checkbox",
        "id": "product_item_wishlist",
        "label": "Show wishlist button",
        "default": true
      },
      {
        "type": "checkbox",
        "id": "product_item_rating",
        "label": "Show rating star",
        "default": true,
        "info": "You need install the Shopify App for Review"
      },
      {
        "type": "checkbox",
        "id": "product_item_option",
        "label": "Show Color Available",
        "default": true
      },
      {
        "type": "checkbox",
        "id": "coloravailable",
        "label": "Show Color Available as color, not as image",
        "default": true
      },
      {
        "type": "checkbox",
        "id": "product_item_vendor",
        "label": "Show Type",
        "default": true
      },
      {
        "type": "header",
        "content": "Product label"
      },
      {
        "type": "checkbox",
        "id": "product_item_label",
        "label": "Show labels",
        "default": true
      },
      {
        "type": "header",
        "content": "Promotion label"
      },
      {
        "type": "paragraph",
        "content": "Auto set when a product has special price. Leave the \"Promotion label text\" empty to disable this label"
      },
      {
        "type": "text",
        "id": "product_item_label_sale",
        "label": "Promotion label text",
        "default": "-[percent]%"
      },
      {
        "type": "color",
        "id": "product_item_label_sale_color",
        "label": "Promotion label text color",
        "default": "#ffffff"
      },
      {
        "type": "color",
        "id": "product_item_label_sale_bg",
        "label": "Promotion label background color",
        "default": "#a8c7a0"
      },
      {
        "type": "header",
        "content": "New label"
      },
      {
        "type": "paragraph",
        "content": "Set the value of \"New label text\" to your product tags. Leave the \"New label text\" empty to disable this label"
      },
      {
        "type": "text",
        "id": "product_item_label_new",
        "label": "New label text",
        "default": "new"
      },
      {
        "type": "color",
        "id": "product_item_label_new_color",
        "label": "New label text color",
        "default": "#ffffff"
      },
      {
        "type": "color",
        "id": "product_item_label_new_bg",
        "label": "New label background color",
        "default": "#bb363b"
      },
      {
        "type": "paragraph",
        "content": "Set the value of \"Hot label text\" to your product tags. Leave the \"Hot label text\" empty to disable this label"
      },
      {
        "type": "text",
        "id": "product_item_label_hot",
        "label": "Hot label text",
        "default": "hot"
      },
      {
        "type": "color",
        "id": "product_item_label_hot_color",
        "label": "Hot label text color",
        "default": "#ffffff"
      },
      {
        "type": "color",
        "id": "product_item_label_hot_bg",
        "label": "Hot label background color",
        "default": "#f44336"
      }
    ]
  },
  {
    "name": "Social media",
    "settings": [
      {
        "type": "header",
        "content": "Social accounts"
      },
      {
        "type": "text",
        "id": "social_behance_link",
        "label": "Behance"
      },
      {
        "type": "text",
        "id": "social_blogger_link",
        "label": "Blogger"
      },
      {
        "type": "text",
        "id": "social_dribble_link",
        "label": "Dribble"
      },
      {
        "type": "text",
        "id": "social_facebook_link",
        "label": "Facebook",
        "info": "https:\/\/facebook.com\/shopify"
      },
      {
        "type": "text",
        "id": "social_gplus_link",
        "label": "Google Plus"
      },
      {
        "type": "text",
        "id": "social_instagram_link",
        "label": "Instagram",
        "info": "http:\/\/instagram.com\/shopify"
      },
      {
        "type": "text",
        "id": "social_linkedin_link",
        "label": "Linkedin"
      },
      {
        "type": "text",
        "id": "social_pinterest_link",
        "label": "Pinterest",
        "info": "https:\/\/pinterest.com\/shopify"
      },
      {
        "type": "text",
        "id": "social_snapchat_link",
        "label": "Snapchat",
        "info": "https:\/\/www.snapchat.com\/add\/shopify"
      },
      {
        "type": "text",
        "id": "social_tumblr_link",
        "label": "Tumblr",
        "info": "http:\/\/shopify.tumblr.com"
      },
      {
        "type": "text",
        "id": "social_twitter_link",
        "label": "Twitter",
        "info": "https:\/\/twitter.com\/shopify"
      },
      {
        "type": "text",
        "id": "social_vimeo_link",
        "label": "Vimeo",
        "info": "https:\/\/vimeo.com\/shopify"
      },
      {
        "type": "text",
        "id": "social_youtube_link",
        "label": "YouTube",
        "info": "https:\/\/www.youtube.com\/shopify"
      },
      {
        "type": "header",
        "content": "Your custom social media"
      },
      {
        "type": "image_picker",
        "id": "social_custom_1_logo",
        "label": "Logo #1"
      },
      {
        "type": "text",
        "id": "social_custom_1_title",
        "label": "Name #1"
      },
      {
        "type": "text",
        "id": "social_custom_1_link",
        "label": "Link #1"
      },
      {
        "type": "image_picker",
        "id": "social_custom_2_logo",
        "label": "Logo #2"
      },
      {
        "type": "text",
        "id": "social_custom_2_title",
        "label": "Name #2"
      },
      {
        "type": "text",
        "id": "social_custom_2_link",
        "label": "Link #2"
      },
      {
        "type": "image_picker",
        "id": "social_custom_3_logo",
        "label": "Logo #3"
      },
      {
        "type": "text",
        "id": "social_custom_3_title",
        "label": "Name #3"
      },
      {
        "type": "text",
        "id": "social_custom_3_link",
        "label": "Link #3"
      },
      {
        "type": "image_picker",
        "id": "social_custom_4_logo",
        "label": "Logo #4"
      },
      {
        "type": "text",
        "id": "social_custom_4_title",
        "label": "Name #4"
      },
      {
        "type": "text",
        "id": "social_custom_4_link",
        "label": "Link #4"
      },
      {
        "type": "image_picker",
        "id": "social_custom_5_logo",
        "label": "Logo #5"
      },
      {
        "type": "text",
        "id": "social_custom_5_title",
        "label": "Name #5"
      },
      {
        "type": "text",
        "id": "social_custom_5_link",
        "label": "Link #5"
      }
    ]
  },
  {
    "name": "Social media sharing",
    "settings": [
      {
        "type": "checkbox",
        "id": "share_facebook",
        "label": "Share Facebook",
        "default": true
      },
      {
        "type": "checkbox",
        "id": "share_twitter",
        "label": "Share Twitter",
        "default": true
      },
      {
        "type": "checkbox",
        "id": "share_pinterest",
        "label": "Share Pinterest",
        "default": true
      }
    ]
  }
]